PS No & Name,Address,Constituency Number
1 - Dushmi,Ra. Z. P. Pra. Marathi School Dushmi,191
2 - Kharpada1,Ra. Z. P. Pra. Marathi School Kharapada (North Side Room ),191
3 - Kharpada2,Ra. Z. P. Pra. Marathi School Kharapada (South Side Room ),191
4 - Kharoshi1,Ra. Z. P. Pra. Marathi School Kharoshi (East Side Room ),191
5 - Kharoshi2,Ra. Z. P. Pra. Marathi School Kharoshi (West Side Room ),191
6 - Jambhulwadi (mohili inam),Ra. Z. P. Pra. Marathi School Jambhulavadi (mohili Inam ),191
7 - Ghote,Ra. Z. P. Pra. Marathi School Ghote,191
8 - Javli,Ra. Z. P. Pra. Marathi School Javali,191
9 - Nifad,Ra. Z. P. Pra. Marathi School Nifad,191
10 - Karodi,Ra. Z. P. Pra. Marathi School Karodi,191
11 - Jite1,Ra. Z. P. Pra. Marathi School Jite (East Side First Room ),191
12 - Jite2,Ra. Z. P. Pra. Marathi School Jite (East Side Second Room ),191
13 - Jite3,Ra. Z. P. Pra. Marathi School Jite (South Side Room ),191
14 - Jite4,Ra. Z. P. Pra. Marathi School Jite (North Side Room ),191
15 - Rave 1,SU A SO. Paliche Sarwajanik Mad. Vidya Mandir Rave Pashimekadil Dusari Kholi,191
16 - Rave 2,SU A SO. Paliche Sarwajanik Mad. Vidya Mandir Rave South Side 1,191
17 - Rave 3,SU A SO. Paliche Sarwajanik Mad. Vidya Mandir Rave South Side 2,191
18 - Rave 4,SU A SO. Paliche Sarwajanik Mad. Vidya Mandir Rave South Side 3,191
19 - Rave 5,SU A SO. Paliche Sarwajanik Mad. Vidya Mandir Rave South Side 4,191
20 - Rave 6,SU A SO. Paliche Sarwajanik Mad. Vidya Mandir Rave (uttarekadil Dusari Kholi ),191
21 - Dadar 1,Ra. Z. P. Pra. Marathi School Dadar (North Side First Room ),191
22 - Dadar 2,Ra. Z. P. Pra. Marathi School Dadar (South Side First Room ),191
23 - Dadar 3,Ra. Z. P. Pra. Marathi School Dadar (South Side Second Room ),191
24 - Dadar 4,Sudhagad Education Society Vidyamandir Dadar (East Side Room),191
25 - Dadar 5,Sudhagad Education Society Vidyamandir Dadar (West Side Room ),191
26 - Dadar 6,Ra. Z. P. Pra. Marathi School Dadar (North Side Second Room ),191
27 - Dadar 7,Ra. Z. P. Pra. Marathi School Dadar (South Side Second Room ),191
28 - Hanuman pada,Ra. Z. P. Pra. Marathi School Hanumanapada,191
29 - Davre,Ra. Z. P. Pra. Marathi School Davre,191
30 - Kopar,Ra. Z. P. Pra. Marathi School Kopar Room No.1,191
31 - Kopar,Ra. Z. P. Pra. Marathi School Kopar Room No.2,191
32 - Durshet,Ra. Z. P. Pra. Marathi School Durashet,191
33 - Nidhavli,Ra. Z. P. Pra. Marathi School Nidhavali,191
34 - Balavali-1,Ra. Z. P. Pra. Marathi School Balwali,191
35 - Balavali-2,Ra. Z. P. Pra. Marathi School Balwali (Old building room no 2),191
36 - Tambadshet,Ra. Z. P. Pra. Marathi School Tambadashet,191
37 - Sonkhar,Ra. Z. P. Pra. Marathi School Sonakhar,191
38 - Urnoli,Ra. Z. P. Pra. Marathi School Urnoli,191
39 - Bhal,Ra. Z. P. Pra. Marathi School Bhal,191
40 - Vitthalwadi,Ra. Z. P. Pra. Marathi School Viththalavadi,191
41 - Johe,Ra. Z. P. Pra. Marathi School Johe (East Side ),191
42 - Mungoshi,Ra. Z. P. Pra. Marathi School Mungoshi,191
43 - Vashivali,Ra. Z. P. Pra. Marathi School Vashivali,191
44 - Ambivali,Ra. Z. P. Pra. Marathi School Ambivali,191
45 - Div-1,Ra. Z. P. Pra. Marathi School Div,191
46 - Div-2,Ra. Z. P. Pra. Marathi School Div (West side room),191
47 - Kaleshreewadi 1,Ra. Z. P. Pra. Marathi School Janavali,191
48 - Kaleshreewadi 2,Ra. Z. P. Pra. Marathi School Kaleshrivadi,191
49 - Kanhoba,Ra. Z. P. Pra. Marathi School Kanhoba,191
50 - Vadhav 1,Ra. Z. P. Pra. Marathi School Vadhav (South Side First Room ),191
51 - Vadhav 2,Ra. Z. P. Pra. Marathi School Vadhav (South Side Second Room ),191
52 - Vadhav 3,Ra. Z. P. Pra. Marathi School Vadhav,191
53 - Lakhola,Ra. Z. P. Pra. Marathi School Lakhola,191
54 - Varedi 1,Ra. Z. P. Pra. Marathi School Varedi (First Room ),191
55 - Varedi 2,Ra. Z. P. Pra. Marathi School Varedi (Second Room ),191
56 - Kalva1,Ra. Z. P. Pra. Marathi School Room No. 3,191
57 - Kalva1,Ra. Z. P. Pra. Marathi School Kalva Room No. 2,191
58 - Kalva2,Ra. Z. P. Pra. Marathi School Kalva (West Side First Room ),191
59 - Kalva3,Ra. Z. P. Pra. Marathi School Kalva (West Side Second Room ),191
60 - Hamrapur1,Ra. Z. P. Pra. Marathi School Hamarapur (South Side First Room),191
61 - Hamrapur1,Ra. Z. P. Pra. Marathi School Hamarapur (South Side Second Room ),191
62 - Hamrapur3,R.Z.P.School Irvadi Chinchghar,191
63 - Belavade b,Ra. Z. P. Pra. Marathi School Belavade Bu.,191
64 - Varsai1,Ra. Z. P. Pra. Marathi School Varsai (East Side Fi,191
65 - Varsai2,Ra. Z. P. Pra. Marathi School Varsai (East Side Se,191
66 - Varsai3,Ra. Z. P. Pra. Marathi School Varsai (west Side Ro,191
67 - Chattishi karmbeli,Ra. Z. P. Pra. Marathi School Chhattishi Karambeli,191
68 - Tarankhop,Ra. Z. P. Pra. Marathi School Taranakhop,191
69 - Kharsapoli,Ra. Z. P. Pra. Marathi School Kharasapoli,191
70 - Kane1,Ra. Z. P. Pra. Marathi School Kane (First Room ),191
71 - Kane2,Ra. Z. P. Pra. Marathi School Kane (Second Room ),191
72 - Narvel,Ra. Z. P. Pra. Marathi School Naravel,191
73 - Benavle,Ra. Z. P. Pra. Marathi School Benavale,191
74 - Borje,Ra. Z. P. Pra. Marathi School Borze,191
75 - Antore,Ra. Z. P. Pra. Marathi School Antore,191
76 - Gagode b,Ra. Z. P. Pra. Marathi School Gagode Bu.,191
77 - Shedashi1,Ra. Z. P. Pra. Marathi School Shedashi (maladev Fi,191
78 - Shedashi2,Ra. Z. P. Pra. Marathi School Shedashi (maladev Se,191
79 - Kamarli,Ra. Z. P. Pra. Marathi School Kamarli (North Side),191
80 - Savarsai,Giri Gram Sadan Prayavhet School Savarasai,191
81 - Ambeghar 1,Ra. Z. P. Pra. Marathi School Ambeghar (East Side,191
82 - Ambeghar 2,Ra. Z. P. Pra. Marathi School Ambeghar (South Side,191
83 - Dhavte,Ra. Z. P. Pra. Marathi School Dhravate,191
84 - Patnoli,Ra. Z. P. Pra. Marathi School Patanoli,191
85 - Koproli,Ra. Z. P. Pra. Marathi School Koproli,191
86 - Vashi 1,Ra. Z. P. Pra. Marathi School Vashi Old Building (South Side First Room),191
87 - Vashi 2,Ra. Z. P. Pra. Marathi School Vashi Old Building (south Side Second Room),191
88 - Vashi 3,Ra. Z. P. Pra. Marathi School Vashi (North Side First Room ),191
89 - Vashi 4,Ra. Z. P. Pra. Marathi School Vashi (North Side Second Room ),191
90 - Vashi 5,Ra. Z. P. Pra. Marathi School Vashi (New Building South Side Room),191
91 - Masad b,Ra. Z. P. Pra. Marathi School Masad Budruk,191
92 - Borve,Ra. Z. P. Pra. Marathi School Borve,191
93 - Shirki,Ra. Z. P. Pra. Marathi School Shirki,191
94 - Dhondapada,Ra. Z. P. Pra. Marathi School Dhondapada West Side Room No.1,191
95 - Dhondapada,Ra. Z. P. Pra. Marathi School Dhondapada West Side Room No.2,191
96 - Umbarde 1,Ra. Z. P. Pra. Marathi School Umbarde (East Side Room ),191
97 - Umbarde 2,Ra. Z. P. Pra. Marathi School Umbarde (South Side,191
98 - Pen n.pa,Pen nagar palika marathi shala No.-2 (Aanand Shala) nandimal naka Room No.-1,191
99 - Pen n.pa,Pen nagar palika marathi shala No.-2 (Aanand Shala) nandimal naka Room No.-2,191
100 - Pen n.pa,Pen nagar palika marathi shala No.-2 (Aanand Shala) nandimal naka Room No.-3,191
101 - Pen n.pa,Pen nagar palika Marathi Kanya shala no.3 Prabhu Aali Room No.-1,191
102 - Pen n.pa,Pen nagar palika marathi shala no.2 (Aanand Shala) nandimal naka Room No.-4,191
103 - Pen n.pa,Pen Nagarapalika Marathi School No. 4 Ambedkar Shala,191
104 - Pen n.pa,Pen Nagarapalika Marathi School No. 4 Ambedkar Shala,191
105 - Pen n.pa,Prayavhet High School Pen Kalamandir (North Side R,191
106 - Pen gramin,R.Z.P. School Wadgoan,191
107 - Pen gramin,R.Z.P. School Wadgoan,191
108 - Pen n.pa,Sau. M. N. Nene. Girls School Pen (East Side First Room ),191
109 - Pen n.pa,Sau. M. N. Nene. Girls School Pen (East Side Room no 16 ),191
110 - Pen n.pa,Sau. M. N. Nene. Girls School Pen (East Side Second Room),191
111 - Pen n.pa,Sau. M. N. Nene. Girls School Pen (East Side Room no 20 ),191
112 - Pen n.pa,Pra. High School Pen Kalamandir (South Side First Room ),191
113 - Pen n.pa,Pra. High School Pen Kalamandir (South Side Second Room ),191
114 - Pen n.pa,Pra. High School Pen (North Side Room No. 3 ),191
115 - Pen n.pa,Pra. High School Pen (North Side Room No. 1),191
116 - Pen n.pa,Pra. High School Pen (West Side Room No. 1 ),191
117 - Pen n.pa,Shishu Vikas Mandir Pen (North Side Room ),191
118 - Pen n.pa,Pra.High School Pen Marathi Boys School,191
119 - Pen n.pa,Shishu Vikas Mandir Pen (South Side First Room),191
120 - Pen n.pa,Shishu Vikas Mandir Pen (South Side Second Room ),191
121 - Pen n.pa,Pen nagar palika Marathi Kanya shala no.3 Prabhu Aali Room No.-2,191
122 - Pen n.pa,Sarvajanik Vidyamandir Pen Room No. 1,191
123 - Pen n.pa,Sarvajanik Vidyamandir Pen Room No. 3,191
124 - Pen n.pa,Sarvajanik Vidyamandir Pen Room No. 3,191
125 - Pen n.pa,Sarvajanik Vidyamandir Pen Room No. 5,191
126 - Pen n.pa,Sarvajanik Vidyamandir Pen Room No. 6,191
127 - Pen n.pa,Pen Nagarapalika Pra. M. School Ramavadi (East Side Room No. 2 ),191
128 - Pen n.pa,Pen Nagarapalika Pra. M. School Ramavadi (East Sid,191
129 - Pen n.pa,Nagar Palika Prathamik Shala R.P.Nagar Ramwadi Room no.2,191
130 - Pen n.pa,Nagar Palika Prathamik Shala R.P.Nagar Ramwadi Room no.3,191
131 - Pen n.pa,pen nagar palika pa.marathi shala ramvadi pen (pashchimekadil kholi no.2),191
132 - Pen n.pa,pen nagar palika no.7 mahadik wadi dakshinekadil imarat kholi no.1,191
133 - Pen n.pa,pen nagar palika no.7 mahadik wadi dakshinekadil jinyakhalil kholi no.1,191
134 - Pen n.pa,sarvajanik vidyamandir pen kholi no.8,191
135 - Mangrul,R.Z.P pra.marathi school mangrul,191
136 - Kharbachi vadi (nanegaon),R.Z.P pra.marathi school kharbachi vadi (nanegaon),191
137 - Vakrul,R.Z.P pra.marathi school vakrul,191
138 - Vakrul (nade),R.Z.P pra.marathi school vakrul (nade),191
139 - Borgaon,R.Z.P pra.marathi school borgaon,191
140 - Virani,R.Z.P pra.marathi school virani,191
141 - Sapoli gaon,R.Z.P pra.marathi school sapoli gaon,191
142 - Uchede 1,R.Z.P pra.marathi school uchede (dakhinekadil kholi),191
143 - Uchede 2,R.Z.P pra.marathi school uchede (uttrekadil kholi),191
144 - Kandalepada 1,R.Z.P pra.marathi school kandalepada,191
145 - Kandalepada 2,R.Z.P pra.marathi school kandalepada,191
146 - Bori 1,R.Z.P pra.marathi school bori (pahili kholi),191
147 - Bori 2,R.Z.P pra.marathi school bori (dusari kholi),191
148 - Kolave,R.Z.P pra.marathi school kolave,191
149 - Shirkichaal,R.Z.P pra.marathi school shirkichaal,191
150 - Vadkhal 1,R.Z.P pra.marathi school vadkhal(uttrekadil),191
151 - Vadkhal 2,R.Z.P pra.marathi school vadkhal (gavthan),191
152 - Vadkhal 2,R.Z.P pra.marathi school vadkhal (gavthan) North side room no 2,191
153 - Vadkhal 3,R.Z.P pra.marathi school vadkhal (madhali kholi),191
154 - Vadkhal 4,R.Z.P pra.marathi school vadkhal (dakshinekadil kholi),191
155 - Shene,R.Z.P pra.marathi school shene,191
156 - Aadharne,R.Z.P pra.marathi school aadharne (aanganwadi),191
157 - Aaghai,R.Z.P pra.marathi school aaghai,191
158 - GOFDAV,RZP SCHOOL GODAV,191
159 - MANGAON BUDRUK,RZP Primary marathi School mangaon budruk new Buillding,191
160 - GHOTAVDE,RZP School ghotavde,191
161 - NANOSE,RZP School Nanose,191
162 - HATOND,RZP Primary marathi School hatond,191
163 - Hetavne(talavli),R.Z.P pra.marathi school hetavne(talavli gavchi hadd),191
164 - Rode 1,R.Z.P pra.marathi school (dakshinekadil kholi),191
165 - Rode 2,R.Z.P pra.marathi school (pashchimekadil kholi),191
166 - Dolvi 1,R.Z.P pra.marathi school dolvi (purvekadil pahili kholi),191
167 - Dolvi 2,R.Z.P pra.marathi school dolvi (purvekadil dusari kholi),191
168 - Dolvi 3,R.Z.P pra.marathi school dolvi (pashchimekadil pahili kholi),191
169 - Jirne,R.Z.P pra.marathi school jirne,191
170 - Malmirya dongar1,R.Z.P pra.marathi school divanmaal,191
171 - Malmirya dongar2,R.Z.P pra.marathi school chandepatti,191
172 - Malmirya dongar3,R.Z.P pra.marathi school bandhani,191
173 - Varvane 1,R.Z.P pra.marathi school varvane (pahili kholi),191
174 - Varvane 2,R.Z.P pra.marathi school varvane (dusari kholi),191
175 - CHANDARGAON,RZP Primary marathi School chandargaon,191
176 - PARLI,RZP primary school parli,191
177 - VASUNDE,RZP primary School vasunde,191
178 - MANGAON KHURDA,RZP primary marathi school mangaon khurda,191
179 - PADGHAVLI,RZP primary school padghavli,191
180 - DHOKSHET,RZP primary School Dhoshet,191
181 - MAHAGAON 1,RZP primary School mahagaon est room No. 1,191
182 - MAHAGAON-2,RZP primary School devulvadi Est room No. 2,191
183 - Pachagani,R.Z.P pra.marathi school pachagani,191
184 - Karav (gadab)1,R.Z.P pra.marathi school karav -gadab (uttrekadil pahili kholi),191
185 - Karav (gadab)2,R.Z.P pra.marathi school karav -gadab (uttrekadil dusari kholi),191
186 - Karav (gadab)3,R.Z.P pra.marathi school karav -gadab (dashinekadil pahili kholi),191
187 - Karav (gadab)4,R.Z.P pra.marathi school karav -gadab (dakshinekadil dusari kholi),191
188 - Karav (gadab)5,R.Z.P pra.marathi school karav -gadab (purvekadil kholi) no.1,191
189 - Karav (gadab)6,R.Z.P pra.marathi school karav -gadab (purvekadil kholi) no.2,191
190 - Kharpale 1,R.Z.P pra.marathi school kharpale (uttrekadil kholi),191
191 - Kharpale 2,R.Z.P pra.marathi school kharpale (dakshinekadil dusari kholi),191
192 - kharpale 3,R.Z.P pra.marathi school kharpale (dashinekadil pahili kholi),191
193 - KHANDPOLI,RZP primary school khandpoli,191
194 - DAHIGAON,RZP primary marathi School Dahigaon,191
195 - AMNORI,RZP primary School Amnori,191
196 - JAMBHULPADA,Atmonnati vidyamandir Jambhulpada,191
197 - JAMBHULPADA- 1,Atmonnati vidyamandir Jambhulpada Est room No 1,191
198 - JAMBHULPADA- 2,Atmonnati vidyamandir jambhulpada West room No 2,191
199 - TADGAON,RZP primary school Tadgaon,191
200 - Kondavi -1,R.Z.P pra.marathi school kondavi,191
201 - Kondavi-2,R.Z.P pra.marathi school kondavi,191
202 - Kasu 1,R.Z.P pra.marathi school kasu(juni imarat),191
203 - Kasu 2,R.Z.P pra.marathi school kasu(juni imarat),191
204 - Patani pandapur 1,R.Z.P pra.marathi school pandapur (pahili kholi),191
205 - Patani pandapur 2,R.Z.P pra.marathi school pandapur (dusari kholi),191
206 - Kurnad,R.Z.P pra.marathi school kurnad,191
207 - Pabal,R.Z.P pra.marathi school pabal,191
208 - Jambhoshi,R.Z.P pra.marathi school jambhoshi,191
209 - KAVELE,RZP primary School kavele,191
210 - VAGHOSHI,RZP primary School vaghoshi,191
211 - AAVANDHE,RZP primary school Aavandhe,191
212 - KANSAL,RZP primary School Kansal,191
213 - PEDLI,RZP primary School pedli,191
214 - AASRE,RZP primary School Aasre,191
215 - KALAMB,RZP primary School Kalamb,191
216 - NAVGHAR,RZP primary School Navghar,191
217 - BHAIRAV,RZP primary Marathi School Bhairav,191
218 - UDDHAR-1,RZP primary School Udhar,191
219 - UDDHAR -2,RZP primary School Udhar Est room No 2,191
220 - Varap,R.Z.P pra.marathi school varap,191
221 - Karli,R.Z.P pra.marathi school karli,191
222 - Koleti,R.Z.P pra.marathi school koleti,191
223 - Aamtem 1,R.Z.P pra.marathi school aamtem (dakshinekadil dusari kholi),191
224 - Nigade,R.Z.P pra.marathi school nigade,191
225 - Aamtem 2,R.Z.P pra.marathi school aamtem (dakshinekadil pahili kholi),191
226 - Aamtem 3,R.Z.P pra.marathi school aamtem (uttarekadil pahili kholi),191
227 - Aamtem 4,R.Z.P pra.marathi school aamtem (uttarekadil dusari kholi),191
228 - Chole,R.Z.P pra.marathi school chole,191
229 - KHAVLI- 1,RZP primary marathi School Khavli Est room No 1,191
230 - KHAVLI- 2,RZP primary marathi School Pilosari West romm No. 1,191
231 - VAFEGHAR,RZP primary marathi School Vafeghar,191
232 - TIVRE,RZP primary School Tivre West romm No. 1,191
233 - Tivare 1,Ra. Z. P. Pra. School Kanhivali West Side Room No.2,191
234 - CHIVE,RZP primary School chive,191
235 - GHODGAON,RZP primary School ghodgaon,191
236 - Kondgaon,Ra. Z. P. Pra. School Kondaganv,191
237 - Palas,Ra. Z. P. Pra. School Palas,191
238 - Shetpalas,Ra. Z. P. Pra. School Shetapalas,191
239 - mundhani,R.Z.P pra.marathi school mundhani,191
240 - shihu 1,R.Z.P pra.marathi school shihu(dakshinekadil pahili kholi),191
241 - shihu 3,R.Z.P pra.marathi school shihu(Madhali kholi),191
242 - shihu 2,R.Z.P pra.marathi school chole kholi no 1,191
243 - Benase 1,R.Z.P pra.marathi school benase(uttrekadil dusari kholi),191
244 - Benase 2,R.Z.P pra.marathi school benase(uttrekadil pahili kholi),191
245 - Benase 3,R.Z.P pra.marathi school benase(dakshinekadil pahili kholi),191
246 - Benase 3,R.Z.P pra.marathi school benase dakshinekadil kholi no.2,191
247 - Benase 4,R.Z.P pra.marathi school benase(uttrekadil tisari kholi),191
248 - Velshet,Ra. Z. P. Pra. Marathi School Velashet,191
249 - Nidi T. Nagothane,Ra. Z. P. Pra. Marathi School Nidi T. Nagothane,191
250 - Wasgaon,Ra. Z. P. Pra. Marathi School Vasaganv,191
251 - KUMBHARSEHT,RZP primary School kumbharseht,191
252 - CHIKHALGAON,RZP primary School CHIKHALGAON,191
253 - Rasal-1,Ra. Z. P. Pra. Marathi School Rasal East Side No. 1,191
254 - RASAL-2,RZP primary School Vave West room No 1,191
255 - MAJRE JAMBHULPADA,RZP primary School Majre Jambhulpada,191
256 - KHANDSAI,RZP primary School Khandsai,191
257 - NADSUR,RZP primary School Nadsur,191
258 - GHERASURGAD,RZP primary School gherasudhagd,191
259 - DHONDSE,RZP primary School Dhondse,191
260 - SIDHESWAR BUDRUK,RZP primary School Sidheswar Budruk,191
261 - AMBOLE,RZP primary School Ambole,191
262 - PALI- 1,RZP primary marathi Boys School Pali Est room No 1,191
263 - PALI-2,RZP primary marathi Boys School Pali West room No 2,191
264 - PALI-3,G. B. Vader Highschool Pali Est Building West room No 2,191
265 - PALI-4,G. B. Vader Highschool Pali Est Building West room No 4,191
266 - PALI- 5,RZP primary marathi Girls School Palli Est room No 1,191
267 - PALI- 6,RZP primary marathi Girls School Palli west room No 2,191
268 - PALI- 7,RZP primary marathi Girls School Palli North room No 1,191
269 - PALI- 8,RZP primary marathi Girls School Palli Sauth room No 1,191
270 - Patansai,Ra. Z. P. Pra. Marathi School Patanasai,191
271 - Chikani,Ra. Z. P. Pra. Marathi School Chikani,191
272 - Nagothane -1,Ra. Z. P. Pra. Urdu School Nagothane Kolivad Room No. 1,191
273 - Nagothane -2,Ra. Z. P. Pra. Urdu School Nagothane Kolivada Room No. 2,191
274 - Nagothane-3,N.E.S. Urdu High School and Junior College Nagothane Room No 1,191
275 - Nagothane-4,N.E.S. Urdu High School and Junior College Nagothane Room No 2,191
276 - Nagothane -5,Ra. Z. P. Pra. Marathi School Nagothane (kacheri Shala ) East Side Building Room No. 1,191
277 - Nagothane -6,Ra. Z. P. Pra. Marathi School Nagothane (kacheri Shala ) East Sid Building Room No. 2,191
278 - Nagothane -7,Ra. Z. P. Pra. Marathi School Nagothane (kachanri Shala )South Side Building Room No. 1,191
279 - Nagothane -8,Ra. Z. P. Pra. Marathi School Nagothane ( New Building ) Room No. 1,191
280 - Nagothane 8,Ra. Z. P. Pra. Marathi School Nagothane (New Building ) South Side Room No.4,191
281 - Nagothane -9,Ra. Z. P. Pra. Marathi School Nagothane (New Building ) Room No. 2,191
282 - Pigonde (Ambeghar),Ra. Z. P. Pra. Marathi School Velashet,191
283 - Kadasure,Ra. Z. P. Pra. Marathi School Kadasure (New Building ),191
284 - Kuhire 1,R.Z.P pra.marathi school kuhire (kholi no.2),191
285 - Kuhire 2,R.Z.P pra.marathi school kuhire (kholi no.1),191
286 - RABGAON- 1,RZP primary marathi School Rabgaon Est room No. 1,191
287 - RABGAON-1,RZP primary marathi School Rabgaon West room No. 1,191
288 - BURMALI,RZP primary marathi School Burmali,191
289 - ZAP,RZP primary marathi School Zap,191
290 - BHARJE- 1,RZP primary marathi School Bharje Est room no 1,191
291 - BHARJE-2,RZP primary marathi School Bharje vadi West room No. 1,191
292 - ADULSE- 1,RZP primary marathi School Adulse Est room No 1,191
293 - ADULSE-2,RZP primary marathi School Vakanchi vadi Est room No 1,191
294 - PACHAPUR,RZP primary marathi School Pachapur,191
295 - DARYAGAON,RZP primary marathi School Daryagaon,191
296 - APTAVNE,RZP primary School Aptavne Est room no. 1,191
297 - BHAVSHET,RZP primary marathi School Bhavshet North room No. 1,191
298 - MADHALI,RZP primary marathi School Madhali,191
299 - SHILOSHI,RZP primary marathi School Shiloshi,191
300 - Waravatane,Ra. Z. P. Pra. Marathi School Varavathane,191
301 - Wani,Ra. Z. P. Pra. Marathi School Vani,191
302 - Cherathi,Ra. Z. P. Pra. Marathi School Cherathi,191
303 - Bhise,Ra. Z. P. Pra. Marathi School Bhise,191
304 - Ambdoshi,Ra. Z. P. Pra. Marathi School Amadoshi,191
305 - Wangani,Ra. Z. P. Pra. Marathi School Vangani,191
306 - Balsai,Ra. Z. P. Pra. Marathi School Balasai,191
307 - Hedawali,Ra. Z. P. Pra. Marathi School Hedavali Room No. 2,191
308 - Tamsoli,Ra. Z. P. Pra. Marathi School Tamasoli Room No. 1,191
309 - \POTLAJ KHURDA,RZP primary marathi School Potlaj Khurda,191
310 - POTLAJ BUDRUK,RZP primary marathi School Potlaj Budruk,191
311 - NENAVLI,RZP primary School Nenavli,191
312 - NAGSEHT,RZP primary School Nagarshet,191
313 - NANDGAON,RZP primary marathi School Nandgaon,191
314 - Kandale,Ra. Z. P. Pra. Marathi School Kandale,191
315 - USAR,RZP primary School Usar,191
316 - Ainghar,Ra. Z. P. Pra. Marathi School Ainaghar Room no. 1,191
317 - Sukeli-1,Ra. Z. P. Pra. Marathi School Sukeli North Side Room No. 1,191
318 - Sukeli-2,Ra. Z. P. Pra. Marathi School Sukeli South Side Room No. 2,191
319 - Revoli,Ra. Z. P. Pra. Marathi School Revoli,191
320 - Pale T. Ashtami,Ra. Z. P. Pra. Marathi School Pale T. Ashtami,191
321 - Medhe,Ra. Z. P. Pra. Marathi School Medha,191
322 - Pingalsai,Ra. Z. P. Pra. Marathi School Pingalasai,191
323 - Songaon,Ra. Z. P. Pra. Marathi School Sonaganv,191
324 - Dhamansai,Ra. Z. P. Pra. Marathi School Dhamanasai,191
325 - Wandoli,Ra. Z. P. Pra. Marathi School Vandoli,191
326 - Chinchawali T.Atone,Grampanchayat Office Chinchavali T. Atone,191
327 - DIGHEVADI,RZP primary marathi School Dighevadi,191
328 - GOMASHI,RZP primary School Gomashi,191
329 - ATONE,RZP primary School Atone,191
330 - Vaijnath,Ra. Z. P. Pra. Marathi School Vaijnath,191
331 - Khamb,Ra. Z. P. Pra. Marathi School Khamb,191
332 - Talawli T. Ashtami,Ra. Z. P. Pra. Marathi School Talavali T. Ashtami,191
333 - Chilhe,Ra. Z. P. Pra. Marathi School Chilhe,191
334 - Devakanhe,Ra. Z. P. Pra. Marathi School Devakanhe,191
335 - Dhankanhe,Ra. Z. P. Pra. Marathi School Dhanakanhe,191
336 - Muthavali Kh.,Ra. Z. P. Pra. Marathi School Muthavali Kh.,191
337 - Padum,Ra. Z. P. Pra. Marathi School Kharapati ( Padam ),191
338 - Nidi T. Astami,Ra.Z.P. Primery school Nidi T. Astami,191
339 - Kharapati,Ra. Z. P. Pra. Marathi School Kharapati Room No. 1,191
340 - Udavane,Ra. Z. P. Pra. Marathi School Udadavane (New),191
341 - Bahe,Ra. Z. P. Pra. Marathi School Bahe,191
342 - Muthavali Bk..,Ra. Z. P. Pra. Marathi School Muthavali B.,191
343 - Nadawali,Ra. Z. P. Pra. Marathi School Nadavali,191
344 - Madhali Bk.,Ra. Z. P. Pra. Marathi School Madhali B.,191
345 - Ainwhal,Ra. Z. P. Pra. Marathi School Ainavahal,191
346 - Yearl,Ra. Z. P. Pra. Marathi School Yeral,191
347 - Dhagadwadi,Ra. Z. P. Pra. Marathi School Dhagadavadi,191
348 - Ambiwali,Ra. Z. P. Pra. Marathi School Ambivali,191
349 - Gaulwadi,Ra. Z. P. Pra. Marathi School Gaulavadi,191
350 - Pugaon,Ra. Z. P. Pra. Marathi School Puganv,191
351 - Gove,Ra. Z. P. Pra. Marathi School Gove,191
352 - Roth Bk.,Ra. Z. P. Pra. Marathi School Roth B.,191
353 - Roth Kh-1.,Ra. Z. P. Pra. Marathi School Roth Kh. Room No. 1,191
354 - Roth Kh-2.,Ra. Z. P. Pra. Marathi School Roth Kh. Room No. 2,191
355 - Pale Kh.,Ra. Z. P. Pra. Marathi School Pale Kh.,191
356 - Sambhe,Ra. Z. P. Pra. Marathi School Sambhe,191
357 - Pui,Ra. Z. P. Pra. Marathi School Pui,191
358 - Kolad-1,Ra. Z. P. Pra. Marathi School Kolad Room No. 2,191
359 - Kolad-2,Ra. Z. P. Pra. Marathi School Kolad Room no 3,191
360 - Neharunagar,Ra. Z. P. Pra. Marathi School Nehru Nagar,191
361 - Durtoli,Ra. Z. P. Pra. Marathi School Duratoli,191
362 - Kudali,Ra. Z. P. Pra. Marathi School Kudali,191
363 - Jamgaon,Ra. Z. P. Pra. Marathi School Jamaganv,191
364 - Hetavane,Ra. Z. P. Pra. Marathi School Hetavane,191
365 - Ambewadi-1,Ra. Z. P. Pra. Marathi School Ambewadi Naka,191
366 - Ambewadi-2,Ra. Z. P. Pra. Marathi School Ambewadi Room No. 2,191
367 - Ambewadi-3,Ra. Z. P. Pra. Marathi School Ambewadi New Building,191
368 - Pale Bk.,Ra. Z. P. Pra. Marathi School Pale B.,191
369 - Warasgaon -1,Aanganvadi Varasaganv,191
370 - Warasgaon -2,Ra. Z. P. Pra. Marathi School Varasaganv,191
371 - Chinchawali T.Diwali,Ra. Z. P. Pra. Marathi School Chinchavali T. Divali,191
372 - Pahoor,Ra. Z. P. Pra. Marathi School Pahur,191
373 - Patharshet,Ra. Z. P. Pra. Marathi School Patharashet,191
374 - Tise,Ra. Z. P. Pra. Marathi School Tise,191
375 - Talawali T.Diwali,Ra. Z. P. Pra. Marathi School Talavali T. Divali,191
